{"fmus":{"{crtl}":"file:///C:/Users/ncjg5/into-cps-projects/example-single_watertank/FMUs/watertankController.fmu","{wt}":"file:///C:/Users/ncjg5/into-cps-projects/example-single_watertank/FMUs/singlewatertank-20sim.fmu"},"connections":{"{crtl}.crtlInstance.valve":["{wt}.wtInstance.valvecontrol"],"{wt}.wtInstance.level":["{crtl}.crtlInstance.level"]},"parameters":{"{crtl}.crtlInstance.maxlevel":2,"{crtl}.crtlInstance.minlevel":1},"liveGraphColumns":1,"liveGraphVisibleRowCount":1,"logVariables":{},"algorithm":{"type":"fixed-step","size":0.1},"parallelSimulation":false,"stabalizationEnabled":false,"global_absolute_tolerance":0,"global_relative_tolerance":0.01,"simulationProgramDelay":false,"livestream":{"{crtl}.crtlInstance":["valve"],"{wt}.wtInstance":["level"]}}