{"fmus":{"{control}":"file:///C:/Users/ncjg5/into-cps-projects/example-single_watertank/FMUs/watertankcontroller-c.fmu","{tank}":"file:///C:/Users/ncjg5/into-cps-projects/example-single_watertank/FMUs/singlewatertank-20sim.fmu"},"connections":{"{control}.c.valve":["{tank}.t.valvecontrol"],"{tank}.t.level":["{control}.c.level"]},"parameters":{"{control}.c.maxlevel":2,"{control}.c.minlevel":1},"liveGraphColumns":1,"liveGraphVisibleRowCount":1,"logVariables":{},"overrideLogLevel":"WARN","algorithm":{"type":"var-step","initsize":0.1,"size":[1e-17,1],"constraints":{"max":{"type":"zerocrossing","ports":["{tank}.t.level","{control}.c.maxlevel"],"order":1,"abstol":0.01},"min":{"type":"zerocrossing","ports":["{tank}.t.level","{control}.c.minlevel"],"order":1,"abstol":0.01,"safety":1}}},"parallelSimulation":false,"stabalizationEnabled":false,"global_absolute_tolerance":0,"global_relative_tolerance":0.01,"simulationProgramDelay":false,"livestream":{}}