{"fmus":{"{WaterTank}":"file:///C:/Users/ncjg5/into-cps-projects/example-single_watertank/FMUs/singlewatertank-20sim.fmu","{Controller}":"file:///C:/Users/ncjg5/into-cps-projects/example-single_watertank/FMUs/SingleWT.fmu"},"connections":{"{WaterTank}.wt.level":["{Controller}.cont.level"],"{Controller}.cont.valve":["{WaterTank}.wt.valvecontrol"]},"parameters":{"{Controller}.cont.maxlevel":2,"{Controller}.cont.minlevel":1},"liveGraphColumns":1,"liveGraphVisibleRowCount":1,"logVariables":{},"algorithm":{"type":"fixed-step","size":0.1},"parallelSimulation":false,"stabalizationEnabled":false,"global_absolute_tolerance":0,"global_relative_tolerance":0.01,"simulationProgramDelay":false,"livestream":{"{WaterTank}.wt":["level"],"{Controller}.cont":["valve"]}}