{"startTime":0,"endTime":10,"multimodel_path":"Multi-models\\c-control2\\mm.json","liveGraphColumns":1,"liveGraphVisibleRowCount":1,"graphs":[{"title":"Live Graph","livestream":{"{tank}.t":["level"],"{control}.c":["valve"]},"externalWindow":false}],"livestreamInterval":0,"logVariables":{},"visible":false,"loggingOn":true,"overrideLogLevel":"TRACE","enableAllLogCategoriesPerInstance":true,"algorithm":{"type":"fixed-step","size":0.1},"postProcessingScript":"","multimodel_crc":"a0c62f57dbb9d52e9a6259c0359d6f16","parallelSimulation":false,"stabalizationEnabled":false,"global_absolute_tolerance":0,"global_relative_tolerance":0.01,"simulationProgramDelay":false}