{"startTime":0,"endTime":10,"multimodel_path":"Multi-models\\c-control\\mm.json","liveGraphColumns":1,"liveGraphVisibleRowCount":1,"graphs":[{"title":"Live Graph","livestream":{"{tank}.t":["level"],"{control}.c":["valve"]}}],"livestreamInterval":0,"logVariables":{},"visible":false,"loggingOn":false,"overrideLogLevel":null,"enableAllLogCategoriesPerInstance":false,"algorithm":{"type":"fixed-step","size":0.1},"postProcessingScript":"","multimodel_crc":"b9cda78cb181996a18ab566fdd40a431","parallelSimulation":false,"stabalizationEnabled":false,"global_absolute_tolerance":0,"global_relative_tolerance":0.01,"simulationProgramDelay":false}